{
  "method": "patch_level_nested_bootstrap",
  "n_bootstraps": 1000,
  "spray_size_m": 0.5,
  "buffer_inward_m": 0.125,
  "patch_size_px": 16,
  "seed": 42,
  "red": {
    "dh": {
      "q25": -0.17100513455142022,
      "median": -0.13258680842725712,
      "q75": -0.06963802136573072
    },
    "ds": {
      "q25": 0.048360889250208317,
      "median": 0.11165540127401127,
      "q75": 0.18879915605134023
    },
    "dv": {
      "q25": -0.11094898897058818,
      "median": -0.021897977941176483,
      "q75": 0.045530790441176486
    },
    "n_tiles": 156,
    "bootstrap_se": {
      "dh": 0.008828468473391757,
      "ds": 0.008164695773309633,
      "dv": 0.014814194794948013
    }
  },
  "blue": {
    "dh": {
      "q25": 0.07078847327128383,
      "median": 0.16081121782766908,
      "q75": 0.260860319687807
    },
    "ds": {
      "q25": -0.09880054234147542,
      "median": -0.023659691957098307,
      "q75": 0.0548884242512912
    },
    "dv": {
      "q25": -0.1128829656862745,
      "median": -0.04247855392156863,
      "q75": 0.029243259803921617
    },
    "n_tiles": 156,
    "bootstrap_se": {
      "dh": 0.02153566960185487,
      "ds": 0.011781922503695915,
      "dv": 0.014157140698778294
    }
  }
}